id,position,label,description,start_date,term,constituency,end_date,replaces,replaced_by,party
Q12269600,Q13058882,Member of the Jatiya Sangshad,Member of the Bangladeshi legislature,2014,,,,,,
Q12269600,Q16156581,Speaker of Jatiyo Shangshad,"",2013-04-30,,,,,,
Q12269600,Q42712773,Member of the 10th Jatiya Sangsad,"Member of the Bangladeshi parliament, 2014 onwards",2014-01-05,10th Jatiyo Sangshad,,,,,
Q13058677,Q13058882,Member of the Jatiya Sangshad,Member of the Bangladeshi legislature,"",,,,,,
Q14325293,Q13058882,Member of the Jatiya Sangshad,Member of the Bangladeshi legislature,"",,,,,,
Q14325293,Q42712773,Member of the 10th Jatiya Sangsad,"Member of the Bangladeshi parliament, 2014 onwards","",10th Jatiyo Sangshad,,,,,
Q14325293,Q42712844,Member of the 9th Jatiya Sangsad,"Member of the Bangladeshi parliament, 2009-2014","",,,,,,
Q15043824,Q13058882,Member of the Jatiya Sangshad,Member of the Bangladeshi legislature,2009,,,,,,
Q15043824,Q42712773,Member of the 10th Jatiya Sangsad,"Member of the Bangladeshi parliament, 2014 onwards",2014,10th Jatiyo Sangshad,,,,,
Q15043824,Q42712844,Member of the 9th Jatiya Sangsad,"Member of the Bangladeshi parliament, 2009-2014",2009,,,2014,,,
Q15782404,Q13058882,Member of the Jatiya Sangshad,Member of the Bangladeshi legislature,2009,,,,,,
Q15782404,Q42712773,Member of the 10th Jatiya Sangsad,"Member of the Bangladeshi parliament, 2014 onwards",2014,10th Jatiyo Sangshad,,,,,
Q15782404,Q42712844,Member of the 9th Jatiya Sangsad,"Member of the Bangladeshi parliament, 2009-2014",2009,,,2014,,,
Q15818991,Q13058882,Member of the Jatiya Sangshad,Member of the Bangladeshi legislature,"",,,,,,
Q15818991,Q42712844,Member of the 9th Jatiya Sangsad,"Member of the Bangladeshi parliament, 2009-2014","",,,,,,
Q15834620,Q13058882,Member of the Jatiya Sangshad,Member of the Bangladeshi legislature,"",,,,,,
Q15834620,Q42712844,Member of the 9th Jatiya Sangsad,"Member of the Bangladeshi parliament, 2009-2014","",,,,,,
Q15837138,Q13058882,Member of the Jatiya Sangshad,Member of the Bangladeshi legislature,2009,,,,,,
Q15837138,Q42712773,Member of the 10th Jatiya Sangsad,"Member of the Bangladeshi parliament, 2014 onwards",2014,10th Jatiyo Sangshad,,,,,
Q15837138,Q42712844,Member of the 9th Jatiya Sangsad,"Member of the Bangladeshi parliament, 2009-2014",2009,,,2014,,,
Q15841687,Q13058882,Member of the Jatiya Sangshad,Member of the Bangladeshi legislature,2009,,,,,,
Q15841687,Q42712773,Member of the 10th Jatiya Sangsad,"Member of the Bangladeshi parliament, 2014 onwards",2014,10th Jatiyo Sangshad,,,,,
Q15841687,Q42712844,Member of the 9th Jatiya Sangsad,"Member of the Bangladeshi parliament, 2009-2014",2009,,,2014,,,
Q16058009,Q121998,ambassador,diplomatic envoy,1992,,,2001,,,
Q16058009,Q13058882,Member of the Jatiya Sangshad,Member of the Bangladeshi legislature,2008,,,,,,
Q16058009,Q42712773,Member of the 10th Jatiya Sangsad,"Member of the Bangladeshi parliament, 2014 onwards",2014,10th Jatiyo Sangshad,,,,,
Q16058009,Q42712844,Member of the 9th Jatiya Sangsad,"Member of the Bangladeshi parliament, 2009-2014",2009,,,2014,,,
Q16148957,Q13058882,Member of the Jatiya Sangshad,Member of the Bangladeshi legislature,"",,,,,,
Q16148957,Q42712844,Member of the 9th Jatiya Sangsad,"Member of the Bangladeshi parliament, 2009-2014","",,,,,,
Q16215057,Q13058882,Member of the Jatiya Sangshad,Member of the Bangladeshi legislature,"",,,,,,
Q16215057,Q42712844,Member of the 9th Jatiya Sangsad,"Member of the Bangladeshi parliament, 2009-2014","",,,,,,
Q16345082,Q42712773,Member of the 10th Jatiya Sangsad,"Member of the Bangladeshi parliament, 2014 onwards",2014-01-05,10th Jatiyo Sangshad,,,,,
Q16345653,Q13058882,Member of the Jatiya Sangshad,Member of the Bangladeshi legislature,"",,,,,,
Q16345653,Q42712773,Member of the 10th Jatiya Sangsad,"Member of the Bangladeshi parliament, 2014 onwards","",10th Jatiyo Sangshad,,,,,
Q16345653,Q42712844,Member of the 9th Jatiya Sangsad,"Member of the Bangladeshi parliament, 2009-2014","",,,,,,
Q16346254,Q13058882,Member of the Jatiya Sangshad,Member of the Bangladeshi legislature,"",,,,,,
Q16346295,Q13058882,Member of the Jatiya Sangshad,Member of the Bangladeshi legislature,"",,,,,,
Q16346295,Q42712773,Member of the 10th Jatiya Sangsad,"Member of the Bangladeshi parliament, 2014 onwards","",10th Jatiyo Sangshad,,,,,
Q16346295,Q42712844,Member of the 9th Jatiya Sangsad,"Member of the Bangladeshi parliament, 2009-2014","",,,,,,
Q16346309,Q13058882,Member of the Jatiya Sangshad,Member of the Bangladeshi legislature,"",,,,,,
Q16346309,Q55180215,,"","",,,,,,
Q16730545,Q13058882,Member of the Jatiya Sangshad,Member of the Bangladeshi legislature,"",,,,,,
Q16730545,Q13058882,Member of the Jatiya Sangshad,Member of the Bangladeshi legislature,2014-01-05,,,,,,
Q16730545,Q42712773,Member of the 10th Jatiya Sangsad,"Member of the Bangladeshi parliament, 2014 onwards","",,,,,,
Q16732958,Q13058882,Member of the Jatiya Sangshad,Member of the Bangladeshi legislature,"",,,,,,
Q16732958,Q42712773,Member of the 10th Jatiya Sangsad,"Member of the Bangladeshi parliament, 2014 onwards","",10th Jatiyo Sangshad,,,,,
Q16732958,Q42712844,Member of the 9th Jatiya Sangsad,"Member of the Bangladeshi parliament, 2009-2014","",,,,,,
Q18988788,Q13058882,Member of the Jatiya Sangshad,Member of the Bangladeshi legislature,"",,,,,,
Q18988788,Q42712773,Member of the 10th Jatiya Sangsad,"Member of the Bangladeshi parliament, 2014 onwards",2014-01-05,10th Jatiyo Sangshad,,,,,
Q19892715,Q13058882,Member of the Jatiya Sangshad,Member of the Bangladeshi legislature,"",,,,,,
Q19892715,Q42712773,Member of the 10th Jatiya Sangsad,"Member of the Bangladeshi parliament, 2014 onwards",2014-01-05,10th Jatiyo Sangshad,,,,,
Q20603891,Q13058882,Member of the Jatiya Sangshad,Member of the Bangladeshi legislature,"",,,,,,
Q20604143,Q13058882,Member of the Jatiya Sangshad,Member of the Bangladeshi legislature,"",,,,,,
Q20604143,Q42712773,Member of the 10th Jatiya Sangsad,"Member of the Bangladeshi parliament, 2014 onwards","",10th Jatiyo Sangshad,,,,,
Q20604143,Q42712844,Member of the 9th Jatiya Sangsad,"Member of the Bangladeshi parliament, 2009-2014","",,,,,,
Q20630534,Q13058882,Member of the Jatiya Sangshad,Member of the Bangladeshi legislature,2009,,,,,,
Q20630534,Q42712773,Member of the 10th Jatiya Sangsad,"Member of the Bangladeshi parliament, 2014 onwards",2014-01-05,10th Jatiyo Sangshad,,,,,
Q20630534,Q42712844,Member of the 9th Jatiya Sangsad,"Member of the Bangladeshi parliament, 2009-2014",2009,,,2014,,,
Q20728058,Q13058882,Member of the Jatiya Sangshad,Member of the Bangladeshi legislature,2014-01-24,,,,,,
Q20728058,Q42712773,Member of the 10th Jatiya Sangsad,"Member of the Bangladeshi parliament, 2014 onwards",2014-01-05,10th Jatiyo Sangshad,,,,,
Q20983389,Q13058882,Member of the Jatiya Sangshad,Member of the Bangladeshi legislature,2014,,,,,,
Q20983389,Q42712773,Member of the 10th Jatiya Sangsad,"Member of the Bangladeshi parliament, 2014 onwards",2014-01-05,10th Jatiyo Sangshad,,,,,
Q21063243,Q42712773,Member of the 10th Jatiya Sangsad,"Member of the Bangladeshi parliament, 2014 onwards",2014-01-25,10th Jatiyo Sangshad,Barisal-3,,,,
Q21872307,Q13058882,Member of the Jatiya Sangshad,Member of the Bangladeshi legislature,"",,,,,,
Q21872307,Q42712773,Member of the 10th Jatiya Sangsad,"Member of the Bangladeshi parliament, 2014 onwards","",10th Jatiyo Sangshad,,,,,
Q21872307,Q42712844,Member of the 9th Jatiya Sangsad,"Member of the Bangladeshi parliament, 2009-2014","",,,,,,
Q21873781,Q13058882,Member of the Jatiya Sangshad,Member of the Bangladeshi legislature,"",,,,,,
Q21873781,Q42712773,Member of the 10th Jatiya Sangsad,"Member of the Bangladeshi parliament, 2014 onwards","",10th Jatiyo Sangshad,,,,,
Q21873781,Q42712844,Member of the 9th Jatiya Sangsad,"Member of the Bangladeshi parliament, 2009-2014","",,,,,,
Q23047518,Q13058882,Member of the Jatiya Sangshad,Member of the Bangladeshi legislature,"",,,,,,
Q23047518,Q55180215,,"",2001-10-10,,,2005-09-12,,,
Q23415067,Q13058882,Member of the Jatiya Sangshad,Member of the Bangladeshi legislature,2014,,,,,,
Q23415067,Q42712773,Member of the 10th Jatiya Sangsad,"Member of the Bangladeshi parliament, 2014 onwards",2014,10th Jatiyo Sangshad,,,,,
Q234814,Q13058882,Member of the Jatiya Sangshad,Member of the Bangladeshi legislature,"",,,,,,
Q234814,Q14565638,Prime Minister of Bangladesh,head of government of the People's Republic,1991-03-20,,,1996-03-30,Kazi Zafar Ahmed,Muhammad Habibur Rahman,
Q234814,Q14565638,Prime Minister of Bangladesh,head of government of the People's Republic,2001-10-10,,,2006-10-29,Latifur Rahman,Iajuddin Ahmed,
Q234814,Q17068161,Leader of the Opposition,parliamentary position in Bangladesh,2008-12-29,,,2014-01-09,Sheikh Hasina,Rowshan Ershad,
Q234814,Q42712844,Member of the 9th Jatiya Sangsad,"Member of the Bangladeshi parliament, 2009-2014","",,,,,,
Q23542545,Q13058882,Member of the Jatiya Sangshad,Member of the Bangladeshi legislature,"",,,,,,
Q23682377,Q13058882,Member of the Jatiya Sangshad,Member of the Bangladeshi legislature,2014,,,,,,
Q23682377,Q42712773,Member of the 10th Jatiya Sangsad,"Member of the Bangladeshi parliament, 2014 onwards",2014-01-05,10th Jatiyo Sangshad,,,,,
Q23881773,Q13058882,Member of the Jatiya Sangshad,Member of the Bangladeshi legislature,2014-01-24,,,,,,
Q23881773,Q42712773,Member of the 10th Jatiya Sangsad,"Member of the Bangladeshi parliament, 2014 onwards",2014-01-05,10th Jatiyo Sangshad,,,,,
Q24175641,Q13058882,Member of the Jatiya Sangshad,Member of the Bangladeshi legislature,"",,,,,,
Q24175641,Q42712773,Member of the 10th Jatiya Sangsad,"Member of the Bangladeshi parliament, 2014 onwards","",10th Jatiyo Sangshad,,,,,
Q24175644,Q42712773,Member of the 10th Jatiya Sangsad,"Member of the Bangladeshi parliament, 2014 onwards",2014-01-05,10th Jatiyo Sangshad,,,,,
Q24175644,Q42712844,Member of the 9th Jatiya Sangsad,"Member of the Bangladeshi parliament, 2009-2014","",,,,,,
Q24660018,Q13058882,Member of the Jatiya Sangshad,Member of the Bangladeshi legislature,2009,,,,,,
Q24660018,Q42712773,Member of the 10th Jatiya Sangsad,"Member of the Bangladeshi parliament, 2014 onwards",2014-01-05,10th Jatiyo Sangshad,,,,,
Q24660018,Q42712844,Member of the 9th Jatiya Sangsad,"Member of the Bangladeshi parliament, 2009-2014",2009,,,2014,,,
Q25587313,Q13058882,Member of the Jatiya Sangshad,Member of the Bangladeshi legislature,"",,,,,,
Q25587313,Q42712773,Member of the 10th Jatiya Sangsad,"Member of the Bangladeshi parliament, 2014 onwards","",10th Jatiyo Sangshad,,,,,
Q25588139,Q13058882,Member of the Jatiya Sangshad,Member of the Bangladeshi legislature,2014,,,,,,
Q25588139,Q42712773,Member of the 10th Jatiya Sangsad,"Member of the Bangladeshi parliament, 2014 onwards",2014-01-05,10th Jatiyo Sangshad,,,,,
Q25588149,Q42712773,Member of the 10th Jatiya Sangsad,"Member of the Bangladeshi parliament, 2014 onwards",2014-01-05,10th Jatiyo Sangshad,,,,,
Q26466250,Q13058882,Member of the Jatiya Sangshad,Member of the Bangladeshi legislature,"",,,,,,
Q26466250,Q42712844,Member of the 9th Jatiya Sangsad,"Member of the Bangladeshi parliament, 2009-2014","",,,,,,
Q26703013,Q13058882,Member of the Jatiya Sangshad,Member of the Bangladeshi legislature,"",,,,,,
Q26703013,Q42712773,Member of the 10th Jatiya Sangsad,"Member of the Bangladeshi parliament, 2014 onwards","",10th Jatiyo Sangshad,,,,,
Q26703013,Q42712844,Member of the 9th Jatiya Sangsad,"Member of the Bangladeshi parliament, 2009-2014","",,,,,,
Q26924492,Q13058882,Member of the Jatiya Sangshad,Member of the Bangladeshi legislature,2014,,,,,,
Q26924492,Q42712773,Member of the 10th Jatiya Sangsad,"Member of the Bangladeshi parliament, 2014 onwards",2014-01-05,10th Jatiyo Sangshad,,,,,
Q26924678,Q13058882,Member of the Jatiya Sangshad,Member of the Bangladeshi legislature,2014,,,,,,
Q26924678,Q42712773,Member of the 10th Jatiya Sangsad,"Member of the Bangladeshi parliament, 2014 onwards",2014-01-05,10th Jatiyo Sangshad,,,,,
Q26924748,Q13058882,Member of the Jatiya Sangshad,Member of the Bangladeshi legislature,"",,,,,,
Q26924748,Q42712773,Member of the 10th Jatiya Sangsad,"Member of the Bangladeshi parliament, 2014 onwards","",10th Jatiyo Sangshad,,,,,
Q26924748,Q42712844,Member of the 9th Jatiya Sangsad,"Member of the Bangladeshi parliament, 2009-2014","",,,,,,
Q26924752,Q13058882,Member of the Jatiya Sangshad,Member of the Bangladeshi legislature,2014-01-05,,,,,,
Q26924752,Q42712773,Member of the 10th Jatiya Sangsad,"Member of the Bangladeshi parliament, 2014 onwards",2014-01-05,10th Jatiyo Sangshad,,,,,
Q26924761,Q13058882,Member of the Jatiya Sangshad,Member of the Bangladeshi legislature,2009,,,,,,
Q26924761,Q42712773,Member of the 10th Jatiya Sangsad,"Member of the Bangladeshi parliament, 2014 onwards",2014-01-05,10th Jatiyo Sangshad,,,,,
Q26924761,Q42712844,Member of the 9th Jatiya Sangsad,"Member of the Bangladeshi parliament, 2009-2014",2009,,,2014,,,
Q26924782,Q13058882,Member of the Jatiya Sangshad,Member of the Bangladeshi legislature,2014,,,,,,
Q26924782,Q15735113,deputy Minister,title borne by politicians or government officials in certain countries,2014-02-26,,,,,,
Q26924782,Q42712773,Member of the 10th Jatiya Sangsad,"Member of the Bangladeshi parliament, 2014 onwards",2014-01-05,10th Jatiyo Sangshad,,,,,
Q26924794,Q42712773,Member of the 10th Jatiya Sangsad,"Member of the Bangladeshi parliament, 2014 onwards",2014-01-05,10th Jatiyo Sangshad,,,,,
Q26997545,Q13058882,Member of the Jatiya Sangshad,Member of the Bangladeshi legislature,"",,,,,,
Q26997545,Q42712844,Member of the 9th Jatiya Sangsad,"Member of the Bangladeshi parliament, 2009-2014","",,,,,,
Q27063150,Q13058882,Member of the Jatiya Sangshad,Member of the Bangladeshi legislature,2014,,,,,,
Q27063150,Q42712773,Member of the 10th Jatiya Sangsad,"Member of the Bangladeshi parliament, 2014 onwards",2014-01-05,10th Jatiyo Sangshad,Lalmonirhat-2,,,,
Q27063153,Q13058882,Member of the Jatiya Sangshad,Member of the Bangladeshi legislature,"",,,,,,
Q27063199,Q13058882,Member of the Jatiya Sangshad,Member of the Bangladeshi legislature,1996,,,,,,
Q27063199,Q42712773,Member of the 10th Jatiya Sangsad,"Member of the Bangladeshi parliament, 2014 onwards",2014-01-05,,,,,,
Q27063289,Q13058882,Member of the Jatiya Sangshad,Member of the Bangladeshi legislature,"",,,,,,
Q27063289,Q42712773,Member of the 10th Jatiya Sangsad,"Member of the Bangladeshi parliament, 2014 onwards",2014-01-05,10th Jatiyo Sangshad,,,,,
Q27063642,Q13058882,Member of the Jatiya Sangshad,Member of the Bangladeshi legislature,2014,,,,,,
Q27063642,Q42712773,Member of the 10th Jatiya Sangsad,"Member of the Bangladeshi parliament, 2014 onwards",2014-01-05,10th Jatiyo Sangshad,,,,,
Q27063647,Q13058882,Member of the Jatiya Sangshad,Member of the Bangladeshi legislature,"",,,,,,
Q27063647,Q13058882,Member of the Jatiya Sangshad,Member of the Bangladeshi legislature,2014,,,,,,
Q27063647,Q42712773,Member of the 10th Jatiya Sangsad,"Member of the Bangladeshi parliament, 2014 onwards",2014-01-05,10th Jatiyo Sangshad,,,,,
Q27063649,Q13058882,Member of the Jatiya Sangshad,Member of the Bangladeshi legislature,"",,,,,,
Q27063649,Q42712844,Member of the 9th Jatiya Sangsad,"Member of the Bangladeshi parliament, 2009-2014","",,,,,,
Q27662532,Q13058882,Member of the Jatiya Sangshad,Member of the Bangladeshi legislature,2014,,,,,,
Q27662532,Q42712773,Member of the 10th Jatiya Sangsad,"Member of the Bangladeshi parliament, 2014 onwards",2014-01-05,10th Jatiyo Sangshad,Barisal-1,,,,
Q27662589,Q13058882,Member of the Jatiya Sangshad,Member of the Bangladeshi legislature,2014,,,,,,
Q27662589,Q42712773,Member of the 10th Jatiya Sangsad,"Member of the Bangladeshi parliament, 2014 onwards",2014-01-05,10th Jatiyo Sangshad,,,,,
Q27662656,Q13058882,Member of the Jatiya Sangshad,Member of the Bangladeshi legislature,"",,,,,,
Q27662656,Q42712773,Member of the 10th Jatiya Sangsad,"Member of the Bangladeshi parliament, 2014 onwards","",10th Jatiyo Sangshad,,,,,
Q27916336,Q13058882,Member of the Jatiya Sangshad,Member of the Bangladeshi legislature,2014-01-05,,,,,,
Q27916336,Q42712773,Member of the 10th Jatiya Sangsad,"Member of the Bangladeshi parliament, 2014 onwards",2014-01-05,10th Jatiyo Sangshad,,,,,
Q27916337,Q13058882,Member of the Jatiya Sangshad,Member of the Bangladeshi legislature,2014,,,,,,
Q27916337,Q42712773,Member of the 10th Jatiya Sangsad,"Member of the Bangladeshi parliament, 2014 onwards",2014-01-05,10th Jatiyo Sangshad,Jessore-3,,,,
Q27947698,Q13058882,Member of the Jatiya Sangshad,Member of the Bangladeshi legislature,"",,,,,,
Q27947698,Q42712773,Member of the 10th Jatiya Sangsad,"Member of the Bangladeshi parliament, 2014 onwards","",10th Jatiyo Sangshad,,,,,
Q27947708,Q13058882,Member of the Jatiya Sangshad,Member of the Bangladeshi legislature,"",,,,,,
Q27947708,Q42712844,Member of the 9th Jatiya Sangsad,"Member of the Bangladeshi parliament, 2009-2014","",,,,,,
Q27947719,Q42712773,Member of the 10th Jatiya Sangsad,"Member of the Bangladeshi parliament, 2014 onwards",2014-06-26,10th Jatiyo Sangshad,Narayanganj-5,,,,
Q27949037,Q13058882,Member of the Jatiya Sangshad,Member of the Bangladeshi legislature,2014,,,,,,
Q27949037,Q42712773,Member of the 10th Jatiya Sangsad,"Member of the Bangladeshi parliament, 2014 onwards",2014-01-05,10th Jatiyo Sangshad,,,,,
Q27949037,Q42712844,Member of the 9th Jatiya Sangsad,"Member of the Bangladeshi parliament, 2009-2014",2009,,,2014,,,
Q28086195,Q13058882,Member of the Jatiya Sangshad,Member of the Bangladeshi legislature,2014-01-05,,,,,,
Q28086195,Q42712773,Member of the 10th Jatiya Sangsad,"Member of the Bangladeshi parliament, 2014 onwards",2014-01-05,,,,,,
Q28086207,Q13058882,Member of the Jatiya Sangshad,Member of the Bangladeshi legislature,"",,,,,,
Q28086207,Q42712773,Member of the 10th Jatiya Sangsad,"Member of the Bangladeshi parliament, 2014 onwards","",10th Jatiyo Sangshad,,,,,
Q28086207,Q42712844,Member of the 9th Jatiya Sangsad,"Member of the Bangladeshi parliament, 2009-2014","",,,,,,
Q28094296,Q13058882,Member of the Jatiya Sangshad,Member of the Bangladeshi legislature,"",,,,,,
Q28094296,Q42712773,Member of the 10th Jatiya Sangsad,"Member of the Bangladeshi parliament, 2014 onwards","",10th Jatiyo Sangshad,,,,,
Q28225410,Q42712773,Member of the 10th Jatiya Sangsad,"Member of the Bangladeshi parliament, 2014 onwards",2014-01-05,10th Jatiyo Sangshad,,,,,
Q28225414,Q42712773,Member of the 10th Jatiya Sangsad,"Member of the Bangladeshi parliament, 2014 onwards",2014-01-05,10th Jatiyo Sangshad,,,,,
Q28225414,Q42712844,Member of the 9th Jatiya Sangsad,"Member of the Bangladeshi parliament, 2009-2014","",,,,,,
Q28457273,Q13058882,Member of the Jatiya Sangshad,Member of the Bangladeshi legislature,"",,,,,,
Q28457273,Q42712773,Member of the 10th Jatiya Sangsad,"Member of the Bangladeshi parliament, 2014 onwards","",10th Jatiyo Sangshad,Sylhet-4,,,,
Q28457273,Q42712844,Member of the 9th Jatiya Sangsad,"Member of the Bangladeshi parliament, 2009-2014","",,,,,,
Q28529910,Q13058882,Member of the Jatiya Sangshad,Member of the Bangladeshi legislature,2014,,,,,,
Q28529910,Q42712773,Member of the 10th Jatiya Sangsad,"Member of the Bangladeshi parliament, 2014 onwards",2014-01-05,10th Jatiyo Sangshad,,,,,
Q28838184,Q13058882,Member of the Jatiya Sangshad,Member of the Bangladeshi legislature,"",,,,,,
Q28839619,Q13058882,Member of the Jatiya Sangshad,Member of the Bangladeshi legislature,"",,,,,,
Q28840485,Q13058882,Member of the Jatiya Sangshad,Member of the Bangladeshi legislature,"",,,,,,
Q28840485,Q13058882,Member of the Jatiya Sangshad,Member of the Bangladeshi legislature,2014-01-05,,,,,,
Q28840485,Q42712773,Member of the 10th Jatiya Sangsad,"Member of the Bangladeshi parliament, 2014 onwards",2014-01-24,,,,,,
Q28858910,Q42712773,Member of the 10th Jatiya Sangsad,"Member of the Bangladeshi parliament, 2014 onwards",2014-01-05,10th Jatiyo Sangshad,,,,,
Q29387165,Q42712773,Member of the 10th Jatiya Sangsad,"Member of the Bangladeshi parliament, 2014 onwards",2014-01-05,10th Jatiyo Sangshad,,,,,
Q31724146,Q13058882,Member of the Jatiya Sangshad,Member of the Bangladeshi legislature,2014,,,,,,
Q31724146,Q42712773,Member of the 10th Jatiya Sangsad,"Member of the Bangladeshi parliament, 2014 onwards",2014-01-05,10th Jatiyo Sangshad,,,,,
Q31728596,Q13058882,Member of the Jatiya Sangshad,Member of the Bangladeshi legislature,2014-01-05,,,,,,
Q31728596,Q42712773,Member of the 10th Jatiya Sangsad,"Member of the Bangladeshi parliament, 2014 onwards",2014-01-05,10th Jatiyo Sangshad,,,,,
Q31734584,Q13058882,Member of the Jatiya Sangshad,Member of the Bangladeshi legislature,2014-01-05,,,,,,
Q31734584,Q42712773,Member of the 10th Jatiya Sangsad,"Member of the Bangladeshi parliament, 2014 onwards",2014-01-05,10th Jatiyo Sangshad,,,,,
Q31734584,Q486839,member of parliament,representative of the voters to a parliament,"",,,,,,
Q4159817,Q13058882,Member of the Jatiya Sangshad,Member of the Bangladeshi legislature,"",,,,,,
Q4159817,Q42712844,Member of the 9th Jatiya Sangsad,"Member of the Bangladeshi parliament, 2009-2014","",,,,,,
Q41757056,Q13058882,Member of the Jatiya Sangshad,Member of the Bangladeshi legislature,"",,,,,,
Q42396278,Q13058882,Member of the Jatiya Sangshad,Member of the Bangladeshi legislature,2014-01-05,,,,,,
Q42396278,Q42712773,Member of the 10th Jatiya Sangsad,"Member of the Bangladeshi parliament, 2014 onwards",2014-03-24,,,,,,
Q42398738,Q13058882,Member of the Jatiya Sangshad,Member of the Bangladeshi legislature,2014,,,,,,
Q42398738,Q42712773,Member of the 10th Jatiya Sangsad,"Member of the Bangladeshi parliament, 2014 onwards",2014-01-05,10th Jatiyo Sangshad,,,,,
Q42399066,Q13058882,Member of the Jatiya Sangshad,Member of the Bangladeshi legislature,2014,,,,,,
Q42399066,Q42712773,Member of the 10th Jatiya Sangsad,"Member of the Bangladeshi parliament, 2014 onwards",2014-01-05,10th Jatiyo Sangshad,,,,,
Q42725424,Q42712844,Member of the 9th Jatiya Sangsad,"Member of the Bangladeshi parliament, 2009-2014","",,,,,,
Q42725449,Q42712844,Member of the 9th Jatiya Sangsad,"Member of the Bangladeshi parliament, 2009-2014","",,,,,,
Q42725480,Q13058882,Member of the Jatiya Sangshad,Member of the Bangladeshi legislature,2014-01-05,,,,,,
Q42725480,Q42712773,Member of the 10th Jatiya Sangsad,"Member of the Bangladeshi parliament, 2014 onwards",2014-01-05,10th Jatiyo Sangshad,,,,,
Q42725503,Q42712773,Member of the 10th Jatiya Sangsad,"Member of the Bangladeshi parliament, 2014 onwards",2014-01-24,10th Jatiyo Sangshad,reserved seat for Women,,,,
Q42725594,Q42712773,Member of the 10th Jatiya Sangsad,"Member of the Bangladeshi parliament, 2014 onwards","",10th Jatiyo Sangshad,,,,,
Q42725596,Q42712844,Member of the 9th Jatiya Sangsad,"Member of the Bangladeshi parliament, 2009-2014",2009,,,2014,,,
Q42725597,Q42712844,Member of the 9th Jatiya Sangsad,"Member of the Bangladeshi parliament, 2009-2014","",,,,,,
Q43106469,Q13058882,Member of the Jatiya Sangshad,Member of the Bangladeshi legislature,2014,,,,,,
Q43106469,Q42712773,Member of the 10th Jatiya Sangsad,"Member of the Bangladeshi parliament, 2014 onwards",2014-01-05,10th Jatiyo Sangshad,Barisal-5,,,,
Q43113027,Q13058882,Member of the Jatiya Sangshad,Member of the Bangladeshi legislature,2014,,,,,,
Q43113027,Q42712773,Member of the 10th Jatiya Sangsad,"Member of the Bangladeshi parliament, 2014 onwards",2014-01-05,10th Jatiyo Sangshad,,,,,
Q43241837,Q13058882,Member of the Jatiya Sangshad,Member of the Bangladeshi legislature,"",,,,,,
Q43241837,Q42712773,Member of the 10th Jatiya Sangsad,"Member of the Bangladeshi parliament, 2014 onwards",2014-01-05,10th Jatiyo Sangshad,,,,,
Q43279499,Q13058882,Member of the Jatiya Sangshad,Member of the Bangladeshi legislature,"",,,,,,
Q43281250,Q13058882,Member of the Jatiya Sangshad,Member of the Bangladeshi legislature,"",,,,,,
Q43301926,Q13058882,Member of the Jatiya Sangshad,Member of the Bangladeshi legislature,"",,,,,,
Q43302210,Q13058882,Member of the Jatiya Sangshad,Member of the Bangladeshi legislature,"",,,,,,
Q43303865,Q13058882,Member of the Jatiya Sangshad,Member of the Bangladeshi legislature,2014-01-24,,,,,,
Q43303865,Q42712773,Member of the 10th Jatiya Sangsad,"Member of the Bangladeshi parliament, 2014 onwards",2014-01-05,10th Jatiyo Sangshad,,,,,
Q43325430,Q13058882,Member of the Jatiya Sangshad,Member of the Bangladeshi legislature,2014-01-05,,,,,,
Q43325430,Q42712773,Member of the 10th Jatiya Sangsad,"Member of the Bangladeshi parliament, 2014 onwards",2014-01-05,10th Jatiyo Sangshad,,,,,
Q43373942,Q13058882,Member of the Jatiya Sangshad,Member of the Bangladeshi legislature,2014-01-05,,,,,,
Q43373942,Q42712773,Member of the 10th Jatiya Sangsad,"Member of the Bangladeshi parliament, 2014 onwards",2014-01-24,,,,,,
Q43375652,Q13058882,Member of the Jatiya Sangshad,Member of the Bangladeshi legislature,2014-01-24,,,,,,
Q43375652,Q42712773,Member of the 10th Jatiya Sangsad,"Member of the Bangladeshi parliament, 2014 onwards",2014-01-05,10th Jatiyo Sangshad,,,,,
Q43376458,Q13058882,Member of the Jatiya Sangshad,Member of the Bangladeshi legislature,2014,,,,,,
Q43376458,Q42712773,Member of the 10th Jatiya Sangsad,"Member of the Bangladeshi parliament, 2014 onwards",2014-01-05,10th Jatiyo Sangshad,,,,,
Q43386067,Q13058882,Member of the Jatiya Sangshad,Member of the Bangladeshi legislature,2014-01-24,,,,,,
Q43386067,Q42712773,Member of the 10th Jatiya Sangsad,"Member of the Bangladeshi parliament, 2014 onwards",2014-01-05,10th Jatiyo Sangshad,,,,,
Q44046657,Q13058882,Member of the Jatiya Sangshad,Member of the Bangladeshi legislature,2014-01-05,,,,,,
Q44046657,Q42712773,Member of the 10th Jatiya Sangsad,"Member of the Bangladeshi parliament, 2014 onwards",2014-01-05,10th Jatiyo Sangshad,,,,,
Q461816,Q13058882,Member of the Jatiya Sangshad,Member of the Bangladeshi legislature,"",,,,,,
Q461816,Q42712773,Member of the 10th Jatiya Sangsad,"Member of the Bangladeshi parliament, 2014 onwards",2014-01-05,10th Jatiyo Sangshad,,,,,
Q461816,Q42712844,Member of the 9th Jatiya Sangsad,"Member of the Bangladeshi parliament, 2009-2014",2009,,,2014,,,
Q461816,Q5097005,Chief of Army Staff,general officer position within the Bangladesh Army charged with command of the army,1978-12-29,,,1985-11-27,Ziaur Rahman,Atiqur Rahman,
Q461816,Q596123,president of Bangladesh,position,1983-12-11,,,1990-12-06,A. F. M. Ahsanuddin Chowdhury,Shahabuddin Ahmed,
Q4665507,Q13058882,Member of the Jatiya Sangshad,Member of the Bangladeshi legislature,"",,,,,,
Q4665507,Q42712773,Member of the 10th Jatiya Sangsad,"Member of the Bangladeshi parliament, 2014 onwards","",10th Jatiyo Sangshad,,,,,
Q4665507,Q42712844,Member of the 9th Jatiya Sangsad,"Member of the Bangladeshi parliament, 2009-2014","",,,,,,
Q4665539,Q13058882,Member of the Jatiya Sangshad,Member of the Bangladeshi legislature,"",,,,,,
Q4665539,Q42712844,Member of the 9th Jatiya Sangsad,"Member of the Bangladeshi parliament, 2009-2014","",,,,,,
Q4665548,Q13058882,Member of the Jatiya Sangshad,Member of the Bangladeshi legislature,"",,,,,,
Q4665548,Q42712844,Member of the 9th Jatiya Sangsad,"Member of the Bangladeshi parliament, 2009-2014","",,,,,,
Q4670601,Q13058882,Member of the Jatiya Sangshad,Member of the Bangladeshi legislature,2014-01-05,,,,,,
Q4670601,Q42712773,Member of the 10th Jatiya Sangsad,"Member of the Bangladeshi parliament, 2014 onwards",2014,10th Jatiyo Sangshad,,,,,
Q47036807,Q13058882,Member of the Jatiya Sangshad,Member of the Bangladeshi legislature,"",,,,,,
Q47440979,Q13058882,Member of the Jatiya Sangshad,Member of the Bangladeshi legislature,2014,,,,,,
Q47440979,Q42712773,Member of the 10th Jatiya Sangsad,"Member of the Bangladeshi parliament, 2014 onwards",2014,10th Jatiyo Sangshad,Panchagarh-1,,,,
Q4746558,Q13058882,Member of the Jatiya Sangshad,Member of the Bangladeshi legislature,2009,,,,,,
Q4746558,Q42712773,Member of the 10th Jatiya Sangsad,"Member of the Bangladeshi parliament, 2014 onwards",2014-01-05,10th Jatiyo Sangshad,,,,,
Q4746558,Q42712844,Member of the 9th Jatiya Sangsad,"Member of the Bangladeshi parliament, 2009-2014",2009,,,2014,,,
Q47658512,Q13058882,Member of the Jatiya Sangshad,Member of the Bangladeshi legislature,"",,,,,,
Q4803291,Q13058882,Member of the Jatiya Sangshad,Member of the Bangladeshi legislature,2014,,,,,,
Q4803291,Q42712773,Member of the 10th Jatiya Sangsad,"Member of the Bangladeshi parliament, 2014 onwards",2014-01-05,10th Jatiyo Sangshad,,,,,
Q48676888,Q42712773,Member of the 10th Jatiya Sangsad,"Member of the Bangladeshi parliament, 2014 onwards",2014-01-05,10th Jatiyo Sangshad,,,,,
Q48682144,Q13058882,Member of the Jatiya Sangshad,Member of the Bangladeshi legislature,"",,,,,,
Q48734986,Q13058882,Member of the Jatiya Sangshad,Member of the Bangladeshi legislature,"",,,,,,
Q49057171,Q13058882,Member of the Jatiya Sangshad,Member of the Bangladeshi legislature,"",,,,,,
Q49561876,Q13058882,Member of the Jatiya Sangshad,Member of the Bangladeshi legislature,"",,,,,,
Q49562586,Q13058882,Member of the Jatiya Sangshad,Member of the Bangladeshi legislature,"",,,,,,
Q49923317,Q13058882,Member of the Jatiya Sangshad,Member of the Bangladeshi legislature,"",,,,,,
Q50376472,Q13058882,Member of the Jatiya Sangshad,Member of the Bangladeshi legislature,2014,,,,,,
Q50376472,Q42712773,Member of the 10th Jatiya Sangsad,"Member of the Bangladeshi parliament, 2014 onwards",2014-01-05,10th Jatiyo Sangshad,,,,,
Q50405663,Q13058882,Member of the Jatiya Sangshad,Member of the Bangladeshi legislature,2014,,,,,,
Q50405663,Q42712773,Member of the 10th Jatiya Sangsad,"Member of the Bangladeshi parliament, 2014 onwards",2014,10th Jatiyo Sangshad,,,,,
Q50543118,Q13058882,Member of the Jatiya Sangshad,Member of the Bangladeshi legislature,"",,,,,,
Q50591917,Q13058882,Member of the Jatiya Sangshad,Member of the Bangladeshi legislature,2008,,,,,,
Q50809326,Q13058882,Member of the Jatiya Sangshad,Member of the Bangladeshi legislature,"",,,,,,
Q50821010,Q13058882,Member of the Jatiya Sangshad,Member of the Bangladeshi legislature,"",,,,,,
Q50822655,Q13058882,Member of the Jatiya Sangshad,Member of the Bangladeshi legislature,2014,,,,,,
Q50822655,Q42712773,Member of the 10th Jatiya Sangsad,"Member of the Bangladeshi parliament, 2014 onwards",2014-01-05,10th Jatiyo Sangshad,,,,,
Q50824713,Q13058882,Member of the Jatiya Sangshad,Member of the Bangladeshi legislature,"",,,,,,
Q51016448,Q13058882,Member of the Jatiya Sangshad,Member of the Bangladeshi legislature,2014-01-05,,,,,,
Q51016448,Q42712773,Member of the 10th Jatiya Sangsad,"Member of the Bangladeshi parliament, 2014 onwards",2014-01-05,,,,,,
Q51172663,Q13058882,Member of the Jatiya Sangshad,Member of the Bangladeshi legislature,"",,,,,,
Q5141788,Q42712773,Member of the 10th Jatiya Sangsad,"Member of the Bangladeshi parliament, 2014 onwards",2014-01-24,10th Jatiyo Sangshad,Shariatpur-2,,,,
Q5141788,Q42712844,Member of the 9th Jatiya Sangsad,"Member of the Bangladeshi parliament, 2009-2014","",,,,,,
Q5141788,Q55180215,,"","",,,,,,
Q52157980,Q13058882,Member of the Jatiya Sangshad,Member of the Bangladeshi legislature,"",,,,,,
Q52157980,Q42712773,Member of the 10th Jatiya Sangsad,"Member of the Bangladeshi parliament, 2014 onwards",2014,10th Jatiyo Sangshad,,,,,Bangladesh Awami League
Q52158046,Q13058882,Member of the Jatiya Sangshad,Member of the Bangladeshi legislature,2014,,,,,,
Q52158046,Q42712773,Member of the 10th Jatiya Sangsad,"Member of the Bangladeshi parliament, 2014 onwards",2014-01-05,10th Jatiyo Sangshad,,,,,
Q52158067,Q13058882,Member of the Jatiya Sangshad,Member of the Bangladeshi legislature,2014,,,,,,
Q52158067,Q42712773,Member of the 10th Jatiya Sangsad,"Member of the Bangladeshi parliament, 2014 onwards",2014-01-05,10th Jatiyo Sangshad,,,,,
Q52158073,Q13058882,Member of the Jatiya Sangshad,Member of the Bangladeshi legislature,2014,,,,,,
Q52158073,Q42712773,Member of the 10th Jatiya Sangsad,"Member of the Bangladeshi parliament, 2014 onwards",2014-01-24,10th Jatiyo Sangshad,Lalmonirhat-1,,,,
Q52158088,Q13058882,Member of the Jatiya Sangshad,Member of the Bangladeshi legislature,2014,,,,,,
Q52158088,Q42712773,Member of the 10th Jatiya Sangsad,"Member of the Bangladeshi parliament, 2014 onwards",2014-01-05,10th Jatiyo Sangshad,,,,,
Q52158134,Q13058882,Member of the Jatiya Sangshad,Member of the Bangladeshi legislature,2014,,,,,,
Q52158134,Q42712773,Member of the 10th Jatiya Sangsad,"Member of the Bangladeshi parliament, 2014 onwards",2014-01-05,10th Jatiyo Sangshad,,,,,
Q52161621,Q13058882,Member of the Jatiya Sangshad,Member of the Bangladeshi legislature,2014,,,,,,
Q52161621,Q42712773,Member of the 10th Jatiya Sangsad,"Member of the Bangladeshi parliament, 2014 onwards",2014,10th Jatiyo Sangshad,,,,,
Q52161629,Q13058882,Member of the Jatiya Sangshad,Member of the Bangladeshi legislature,2014,,,,,,
Q52161629,Q42712773,Member of the 10th Jatiya Sangsad,"Member of the Bangladeshi parliament, 2014 onwards",2014-01-05,10th Jatiyo Sangshad,,,,,
Q52161639,Q13058882,Member of the Jatiya Sangshad,Member of the Bangladeshi legislature,2014,,,,,,
Q52161639,Q42712773,Member of the 10th Jatiya Sangsad,"Member of the Bangladeshi parliament, 2014 onwards",2014-01-05,10th Jatiyo Sangshad,,,,,
Q52161645,Q13058882,Member of the Jatiya Sangshad,Member of the Bangladeshi legislature,1986,,Kurigram-2,2008,,,
Q52161645,Q13058882,Member of the Jatiya Sangshad,Member of the Bangladeshi legislature,2014-01-09,,Kurigram-2,2018-08-13,,,
Q52161645,Q42712773,Member of the 10th Jatiya Sangsad,"Member of the Bangladeshi parliament, 2014 onwards",2014-01-05,10th Jatiyo Sangshad,,,,,
Q52161652,Q42712773,Member of the 10th Jatiya Sangsad,"Member of the Bangladeshi parliament, 2014 onwards",2014-01-24,10th Jatiyo Sangshad,Kurigram-4,,,,
Q52161657,Q13058882,Member of the Jatiya Sangshad,Member of the Bangladeshi legislature,2014,,,,,,
Q52161657,Q42712773,Member of the 10th Jatiya Sangsad,"Member of the Bangladeshi parliament, 2014 onwards",2014-01-05,10th Jatiyo Sangshad,,,,,
Q52161711,Q13058882,Member of the Jatiya Sangshad,Member of the Bangladeshi legislature,2014,,,,,,
Q52161711,Q42712773,Member of the 10th Jatiya Sangsad,"Member of the Bangladeshi parliament, 2014 onwards",2014-01-05,10th Jatiyo Sangshad,,,,,
Q52161718,Q13058882,Member of the Jatiya Sangshad,Member of the Bangladeshi legislature,2014,,,,,,
Q52161718,Q42712773,Member of the 10th Jatiya Sangsad,"Member of the Bangladeshi parliament, 2014 onwards",2014-01-05,10th Jatiyo Sangshad,,,,,
Q52161728,Q13058882,Member of the Jatiya Sangshad,Member of the Bangladeshi legislature,2014,,,,,,
Q52161728,Q42712773,Member of the 10th Jatiya Sangsad,"Member of the Bangladeshi parliament, 2014 onwards",2014-01-05,10th Jatiyo Sangshad,,,,,
Q52183,Q14565638,Prime Minister of Bangladesh,head of government of the People's Republic,1996-06-23,,,2001-07-15,Muhammad Habibur Rahman,Latifur Rahman,
Q52183,Q14565638,Prime Minister of Bangladesh,head of government of the People's Republic,2009-01-06,,,,Fakhruddin Ahmed,,
Q52183,Q17068161,Leader of the Opposition,parliamentary position in Bangladesh,1986-05-07,,,1988-03-03,Asaduzzaman Khan,A. S. M. Abdur Rab,
Q52183,Q17068161,Leader of the Opposition,parliamentary position in Bangladesh,1991-03-20,,,1996-03-30,A. S. M. Abdur Rab,Khaleda Zia,
Q52183,Q17068161,Leader of the Opposition,parliamentary position in Bangladesh,2001-10-10,,,2006-10-29,Khaleda Zia,Khaleda Zia,
Q52183,Q42712773,Member of the 10th Jatiya Sangsad,"Member of the Bangladeshi parliament, 2014 onwards",2014-01-05,10th Jatiyo Sangshad,,,,,
Q52183,Q42712844,Member of the 9th Jatiya Sangsad,"Member of the Bangladeshi parliament, 2009-2014","",,,,,,
Q52183449,Q13058882,Member of the Jatiya Sangshad,Member of the Bangladeshi legislature,2014,,,,,,
Q52183449,Q42712773,Member of the 10th Jatiya Sangsad,"Member of the Bangladeshi parliament, 2014 onwards",2014-01-05,10th Jatiyo Sangshad,,,,,
Q52184008,Q13058882,Member of the Jatiya Sangshad,Member of the Bangladeshi legislature,2014,,,,,,
Q52184008,Q42712773,Member of the 10th Jatiya Sangsad,"Member of the Bangladeshi parliament, 2014 onwards",2014-01-05,10th Jatiyo Sangshad,,,,,
Q52221802,Q13058882,Member of the Jatiya Sangshad,Member of the Bangladeshi legislature,2014,,,,,,
Q52221802,Q42712773,Member of the 10th Jatiya Sangsad,"Member of the Bangladeshi parliament, 2014 onwards",2014-01-05,10th Jatiyo Sangshad,,,,,
Q52222094,Q13058882,Member of the Jatiya Sangshad,Member of the Bangladeshi legislature,2014,,,,,,
Q52222094,Q42712773,Member of the 10th Jatiya Sangsad,"Member of the Bangladeshi parliament, 2014 onwards",2014-01-05,10th Jatiyo Sangshad,,,,,
Q52222312,Q13058882,Member of the Jatiya Sangshad,Member of the Bangladeshi legislature,2014,,,,,,
Q52222312,Q42712773,Member of the 10th Jatiya Sangsad,"Member of the Bangladeshi parliament, 2014 onwards",2014-01-05,10th Jatiyo Sangshad,,,,,
Q52222736,Q13058882,Member of the Jatiya Sangshad,Member of the Bangladeshi legislature,2014,,,,,,
Q52222736,Q42712773,Member of the 10th Jatiya Sangsad,"Member of the Bangladeshi parliament, 2014 onwards",2014-01-05,10th Jatiyo Sangshad,,,,,
Q52223242,Q13058882,Member of the Jatiya Sangshad,Member of the Bangladeshi legislature,2014,,,,,,
Q52223242,Q42712773,Member of the 10th Jatiya Sangsad,"Member of the Bangladeshi parliament, 2014 onwards",2014-01-05,10th Jatiyo Sangshad,,,,,
Q52223578,Q13058882,Member of the Jatiya Sangshad,Member of the Bangladeshi legislature,2014,,,,,,
Q52223578,Q42712773,Member of the 10th Jatiya Sangsad,"Member of the Bangladeshi parliament, 2014 onwards",2014-01-05,10th Jatiyo Sangshad,,,,,
Q52223720,Q13058882,Member of the Jatiya Sangshad,Member of the Bangladeshi legislature,2014,,,,,,
Q52223720,Q42712773,Member of the 10th Jatiya Sangsad,"Member of the Bangladeshi parliament, 2014 onwards",2014-01-05,10th Jatiyo Sangshad,,,,,
Q52224610,Q13058882,Member of the Jatiya Sangshad,Member of the Bangladeshi legislature,2014,,,,,,
Q52224610,Q42712773,Member of the 10th Jatiya Sangsad,"Member of the Bangladeshi parliament, 2014 onwards",2014-01-05,10th Jatiyo Sangshad,,,,,
Q52314155,Q13058882,Member of the Jatiya Sangshad,Member of the Bangladeshi legislature,2014,,,,,,
Q52314155,Q42712773,Member of the 10th Jatiya Sangsad,"Member of the Bangladeshi parliament, 2014 onwards",2014-01-05,10th Jatiyo Sangshad,,,,,
Q52314638,Q13058882,Member of the Jatiya Sangshad,Member of the Bangladeshi legislature,2014,,,,,,
Q52314638,Q42712773,Member of the 10th Jatiya Sangsad,"Member of the Bangladeshi parliament, 2014 onwards",2014-01-05,10th Jatiyo Sangshad,,,,,
Q52315000,Q13058882,Member of the Jatiya Sangshad,Member of the Bangladeshi legislature,2014,,,,,,
Q52315000,Q42712773,Member of the 10th Jatiya Sangsad,"Member of the Bangladeshi parliament, 2014 onwards",2014-01-05,10th Jatiyo Sangshad,,,,,
Q52315739,Q13058882,Member of the Jatiya Sangshad,Member of the Bangladeshi legislature,2014,,,,,,
Q52315739,Q42712773,Member of the 10th Jatiya Sangsad,"Member of the Bangladeshi parliament, 2014 onwards",2014-01-05,10th Jatiyo Sangshad,,,,,
Q52322917,Q13058882,Member of the Jatiya Sangshad,Member of the Bangladeshi legislature,2014,,,,,,
Q52322917,Q42712773,Member of the 10th Jatiya Sangsad,"Member of the Bangladeshi parliament, 2014 onwards",2014-01-05,10th Jatiyo Sangshad,,,,,
Q52323331,Q13058882,Member of the Jatiya Sangshad,Member of the Bangladeshi legislature,2014,,,,,,
Q52323331,Q42712773,Member of the 10th Jatiya Sangsad,"Member of the Bangladeshi parliament, 2014 onwards",2014-01-05,10th Jatiyo Sangshad,,,,,
Q52323732,Q13058882,Member of the Jatiya Sangshad,Member of the Bangladeshi legislature,2014,,,,,,
Q52323732,Q42712773,Member of the 10th Jatiya Sangsad,"Member of the Bangladeshi parliament, 2014 onwards",2014-01-05,10th Jatiyo Sangshad,,,,,
Q52324777,Q13058882,Member of the Jatiya Sangshad,Member of the Bangladeshi legislature,2014,,,,,,
Q52324777,Q42712773,Member of the 10th Jatiya Sangsad,"Member of the Bangladeshi parliament, 2014 onwards",2014-01-05,10th Jatiyo Sangshad,,,,,
Q52325305,Q13058882,Member of the Jatiya Sangshad,Member of the Bangladeshi legislature,2014,,,,,,
Q52325305,Q42712773,Member of the 10th Jatiya Sangsad,"Member of the Bangladeshi parliament, 2014 onwards",2014-01-05,10th Jatiyo Sangshad,,,,,
Q52379034,Q13058882,Member of the Jatiya Sangshad,Member of the Bangladeshi legislature,2014,,,,,,
Q52379034,Q42712773,Member of the 10th Jatiya Sangsad,"Member of the Bangladeshi parliament, 2014 onwards",2014-01-05,10th Jatiyo Sangshad,,,,,
Q52379479,Q13058882,Member of the Jatiya Sangshad,Member of the Bangladeshi legislature,2014,,,,,,
Q52379479,Q42712773,Member of the 10th Jatiya Sangsad,"Member of the Bangladeshi parliament, 2014 onwards",2014-01-05,10th Jatiyo Sangshad,,,,,
Q52380350,Q42712773,Member of the 10th Jatiya Sangsad,"Member of the Bangladeshi parliament, 2014 onwards",2014-01-05,10th Jatiyo Sangshad,Sirajganj-3,,,,
Q52381466,Q13058882,Member of the Jatiya Sangshad,Member of the Bangladeshi legislature,2014,,,,,,
Q52381466,Q42712773,Member of the 10th Jatiya Sangsad,"Member of the Bangladeshi parliament, 2014 onwards",2014-01-05,10th Jatiyo Sangshad,,,,,
Q52479436,Q13058882,Member of the Jatiya Sangshad,Member of the Bangladeshi legislature,2014,,,,,,
Q52479436,Q42712773,Member of the 10th Jatiya Sangsad,"Member of the Bangladeshi parliament, 2014 onwards",2014-01-05,10th Jatiyo Sangshad,,,,,
Q52485815,Q13058882,Member of the Jatiya Sangshad,Member of the Bangladeshi legislature,2014,,,,,,
Q52485815,Q42712773,Member of the 10th Jatiya Sangsad,"Member of the Bangladeshi parliament, 2014 onwards",2014-01-05,10th Jatiyo Sangshad,,,,,
Q52486485,Q13058882,Member of the Jatiya Sangshad,Member of the Bangladeshi legislature,2014,,,,,,
Q52486485,Q42712773,Member of the 10th Jatiya Sangsad,"Member of the Bangladeshi parliament, 2014 onwards",2014-01-05,10th Jatiyo Sangshad,,,,,
Q52486743,Q42712773,Member of the 10th Jatiya Sangsad,"Member of the Bangladeshi parliament, 2014 onwards",2014-01-24,10th Jatiyo Sangshad,Pabna-3,,,,
Q52486743,Q42712844,Member of the 9th Jatiya Sangsad,"Member of the Bangladeshi parliament, 2009-2014",2009-01-25,,Pabna-3,2014-01-24,,,
Q52487530,Q13058882,Member of the Jatiya Sangshad,Member of the Bangladeshi legislature,2014,,,,,,
Q52487530,Q42712773,Member of the 10th Jatiya Sangsad,"Member of the Bangladeshi parliament, 2014 onwards",2014-01-05,10th Jatiyo Sangshad,,,,,
Q52488080,Q42712773,Member of the 10th Jatiya Sangsad,"Member of the Bangladeshi parliament, 2014 onwards",2014-01-05,10th Jatiyo Sangshad,Meherpur-1,,,,
Q52489148,Q13058882,Member of the Jatiya Sangshad,Member of the Bangladeshi legislature,2014,,,,,,
Q52489148,Q42712773,Member of the 10th Jatiya Sangsad,"Member of the Bangladeshi parliament, 2014 onwards",2014-01-05,10th Jatiyo Sangshad,,,,,
Q52556427,Q13058882,Member of the Jatiya Sangshad,Member of the Bangladeshi legislature,2014,,,,,,
Q52556427,Q42712773,Member of the 10th Jatiya Sangsad,"Member of the Bangladeshi parliament, 2014 onwards",2014-01-05,10th Jatiyo Sangshad,,,,,
Q52556568,Q13058882,Member of the Jatiya Sangshad,Member of the Bangladeshi legislature,2014,,,,,,
Q52556568,Q42712773,Member of the 10th Jatiya Sangsad,"Member of the Bangladeshi parliament, 2014 onwards",2014-01-05,10th Jatiyo Sangshad,,,,,
Q52556601,Q13058882,Member of the Jatiya Sangshad,Member of the Bangladeshi legislature,2014,,,,,,
Q52556601,Q42712773,Member of the 10th Jatiya Sangsad,"Member of the Bangladeshi parliament, 2014 onwards",2014-01-05,10th Jatiyo Sangshad,,,,,
Q52556637,Q13058882,Member of the Jatiya Sangshad,Member of the Bangladeshi legislature,2014,,,,,,
Q52556637,Q42712773,Member of the 10th Jatiya Sangsad,"Member of the Bangladeshi parliament, 2014 onwards",2014-01-05,10th Jatiyo Sangshad,,,,,
Q52556647,Q13058882,Member of the Jatiya Sangshad,Member of the Bangladeshi legislature,2014,,,,,,
Q52556647,Q42712773,Member of the 10th Jatiya Sangsad,"Member of the Bangladeshi parliament, 2014 onwards",2014-01-05,10th Jatiyo Sangshad,,,,,
Q52556658,Q13058882,Member of the Jatiya Sangshad,Member of the Bangladeshi legislature,2014,,,,,,
Q52556658,Q42712773,Member of the 10th Jatiya Sangsad,"Member of the Bangladeshi parliament, 2014 onwards",2014-01-05,10th Jatiyo Sangshad,,,,,
Q52556662,Q13058882,Member of the Jatiya Sangshad,Member of the Bangladeshi legislature,2014,,,,,,
Q52556662,Q42712773,Member of the 10th Jatiya Sangsad,"Member of the Bangladeshi parliament, 2014 onwards",2014-01-05,10th Jatiyo Sangshad,,,,,
Q52619118,Q13058882,Member of the Jatiya Sangshad,Member of the Bangladeshi legislature,"",,,,,,
Q52619118,Q13424386,information minister,minister in a government responsible for dealing with information matters,"",,,,,,
Q52677146,Q13058882,Member of the Jatiya Sangshad,Member of the Bangladeshi legislature,2014,,,,,,
Q52677146,Q42712773,Member of the 10th Jatiya Sangsad,"Member of the Bangladeshi parliament, 2014 onwards",2014-01-05,10th Jatiyo Sangshad,,,,,
Q52677412,Q13058882,Member of the Jatiya Sangshad,Member of the Bangladeshi legislature,2014,,,,,,
Q52677412,Q42712773,Member of the 10th Jatiya Sangsad,"Member of the Bangladeshi parliament, 2014 onwards",2014-01-05,10th Jatiyo Sangshad,,,,,
Q52677948,Q13058882,Member of the Jatiya Sangshad,Member of the Bangladeshi legislature,2014,,,,,,
Q52677948,Q42712773,Member of the 10th Jatiya Sangsad,"Member of the Bangladeshi parliament, 2014 onwards",2014-01-05,10th Jatiyo Sangshad,,,,,
Q52679013,Q13058882,Member of the Jatiya Sangshad,Member of the Bangladeshi legislature,2014,,,,,,
Q52679013,Q42712773,Member of the 10th Jatiya Sangsad,"Member of the Bangladeshi parliament, 2014 onwards",2014-01-05,10th Jatiyo Sangshad,,,,,
Q52679209,Q13058882,Member of the Jatiya Sangshad,Member of the Bangladeshi legislature,2014,,,,,,
Q52679209,Q42712773,Member of the 10th Jatiya Sangsad,"Member of the Bangladeshi parliament, 2014 onwards",2014-01-05,10th Jatiyo Sangshad,,,,,
Q52679503,Q13058882,Member of the Jatiya Sangshad,Member of the Bangladeshi legislature,2014,,,,,,
Q52679503,Q42712773,Member of the 10th Jatiya Sangsad,"Member of the Bangladeshi parliament, 2014 onwards",2014-01-05,10th Jatiyo Sangshad,,,,,
Q52722297,Q13058882,Member of the Jatiya Sangshad,Member of the Bangladeshi legislature,2014,,,,,,
Q52722297,Q42712773,Member of the 10th Jatiya Sangsad,"Member of the Bangladeshi parliament, 2014 onwards",2014-01-05,10th Jatiyo Sangshad,,,,,
Q52722833,Q13058882,Member of the Jatiya Sangshad,Member of the Bangladeshi legislature,2014,,,,,,
Q52722833,Q42712773,Member of the 10th Jatiya Sangsad,"Member of the Bangladeshi parliament, 2014 onwards",2014-01-05,10th Jatiyo Sangshad,,,,,
Q52723219,Q13058882,Member of the Jatiya Sangshad,Member of the Bangladeshi legislature,2014,,,,,,
Q52723219,Q42712773,Member of the 10th Jatiya Sangsad,"Member of the Bangladeshi parliament, 2014 onwards",2014-01-05,10th Jatiyo Sangshad,,,,,
Q52725438,Q13058882,Member of the Jatiya Sangshad,Member of the Bangladeshi legislature,2014,,,,,,
Q52725438,Q42712773,Member of the 10th Jatiya Sangsad,"Member of the Bangladeshi parliament, 2014 onwards",2014-01-05,10th Jatiyo Sangshad,,,,,
Q52775724,Q13058882,Member of the Jatiya Sangshad,Member of the Bangladeshi legislature,2014,,,,,,
Q52775724,Q42712773,Member of the 10th Jatiya Sangsad,"Member of the Bangladeshi parliament, 2014 onwards",2014-01-05,10th Jatiyo Sangshad,,,,,
Q52776061,Q13058882,Member of the Jatiya Sangshad,Member of the Bangladeshi legislature,2014,,,,,,
Q52776061,Q42712773,Member of the 10th Jatiya Sangsad,"Member of the Bangladeshi parliament, 2014 onwards",2014-01-05,10th Jatiyo Sangshad,,,,,
Q52776281,Q13058882,Member of the Jatiya Sangshad,Member of the Bangladeshi legislature,2014,,,,,,
Q52776281,Q42712773,Member of the 10th Jatiya Sangsad,"Member of the Bangladeshi parliament, 2014 onwards",2014-01-05,10th Jatiyo Sangshad,,,,,
Q52776426,Q13058882,Member of the Jatiya Sangshad,Member of the Bangladeshi legislature,2014,,,,,,
Q52776426,Q42712773,Member of the 10th Jatiya Sangsad,"Member of the Bangladeshi parliament, 2014 onwards",2014-01-05,10th Jatiyo Sangshad,,,,,
Q52776496,Q13058882,Member of the Jatiya Sangshad,Member of the Bangladeshi legislature,2014,,,,,,
Q52776496,Q42712773,Member of the 10th Jatiya Sangsad,"Member of the Bangladeshi parliament, 2014 onwards",2014-01-05,10th Jatiyo Sangshad,,,,,
Q52826185,Q13058882,Member of the Jatiya Sangshad,Member of the Bangladeshi legislature,2014,,,,,,
Q52826185,Q42712773,Member of the 10th Jatiya Sangsad,"Member of the Bangladeshi parliament, 2014 onwards",2014-01-05,10th Jatiyo Sangshad,,,,,
Q53112922,Q13058882,Member of the Jatiya Sangshad,Member of the Bangladeshi legislature,"",,,,,,
Q53112922,Q42712773,Member of the 10th Jatiya Sangsad,"Member of the Bangladeshi parliament, 2014 onwards",2014-01-05,10th Jatiyo Sangshad,,,,,
Q53113164,Q13058882,Member of the Jatiya Sangshad,Member of the Bangladeshi legislature,2014,,,,,,
Q53113164,Q42712773,Member of the 10th Jatiya Sangsad,"Member of the Bangladeshi parliament, 2014 onwards",2014-01-05,10th Jatiyo Sangshad,,,,,
Q53115091,Q13058882,Member of the Jatiya Sangshad,Member of the Bangladeshi legislature,2014,,,,,,
Q53115091,Q42712773,Member of the 10th Jatiya Sangsad,"Member of the Bangladeshi parliament, 2014 onwards",2014-01-05,10th Jatiyo Sangshad,,,,,
Q53115721,Q13058882,Member of the Jatiya Sangshad,Member of the Bangladeshi legislature,2014,,,,,,
Q53115721,Q42712773,Member of the 10th Jatiya Sangsad,"Member of the Bangladeshi parliament, 2014 onwards",2014-01-05,10th Jatiyo Sangshad,,,,,
Q53116893,Q13058882,Member of the Jatiya Sangshad,Member of the Bangladeshi legislature,2014,,,,,,
Q53116893,Q42712773,Member of the 10th Jatiya Sangsad,"Member of the Bangladeshi parliament, 2014 onwards",2014-01-05,10th Jatiyo Sangshad,,,,,
Q55096154,Q13058882,Member of the Jatiya Sangshad,Member of the Bangladeshi legislature,2014,,,,,,
Q55096154,Q42712773,Member of the 10th Jatiya Sangsad,"Member of the Bangladeshi parliament, 2014 onwards",2014,,,,,,
Q55399970,Q13058882,Member of the Jatiya Sangshad,Member of the Bangladeshi legislature,2014-01-05,,,,,,
Q55399970,Q42712773,Member of the 10th Jatiya Sangsad,"Member of the Bangladeshi parliament, 2014 onwards",2014-01-05,10th Jatiyo Sangshad,,,,,
Q55584667,Q13058882,Member of the Jatiya Sangshad,Member of the Bangladeshi legislature,2014-01-05,,,,,,
Q55584667,Q42712773,Member of the 10th Jatiya Sangsad,"Member of the Bangladeshi parliament, 2014 onwards",2014-01-05,,,,,,
Q55584680,Q13058882,Member of the Jatiya Sangshad,Member of the Bangladeshi legislature,2014-01-05,,,,,,
Q55584680,Q42712773,Member of the 10th Jatiya Sangsad,"Member of the Bangladeshi parliament, 2014 onwards",2014-01-05,,,,,,
Q55694315,Q13058882,Member of the Jatiya Sangshad,Member of the Bangladeshi legislature,2014-01-05,,,,,,
Q55694315,Q42712773,Member of the 10th Jatiya Sangsad,"Member of the Bangladeshi parliament, 2014 onwards",2014-01-05,,,,,,
Q55694316,Q13058882,Member of the Jatiya Sangshad,Member of the Bangladeshi legislature,2014-01-05,,,,,,
Q55694316,Q42712773,Member of the 10th Jatiya Sangsad,"Member of the Bangladeshi parliament, 2014 onwards",2014,,,,,,
Q55694317,Q13058882,Member of the Jatiya Sangshad,Member of the Bangladeshi legislature,2014-01-05,,,,,,
Q55694317,Q42712773,Member of the 10th Jatiya Sangsad,"Member of the Bangladeshi parliament, 2014 onwards",2014,,,,,,
Q55694325,Q13058882,Member of the Jatiya Sangshad,Member of the Bangladeshi legislature,2014-01-05,,,,,,
Q55694325,Q42712773,Member of the 10th Jatiya Sangsad,"Member of the Bangladeshi parliament, 2014 onwards",2014,,,,,,
Q55694328,Q13058882,Member of the Jatiya Sangshad,Member of the Bangladeshi legislature,2014-01-05,,,,,,
Q55694328,Q42712773,Member of the 10th Jatiya Sangsad,"Member of the Bangladeshi parliament, 2014 onwards",2014,,,,,,
Q55694329,Q13058882,Member of the Jatiya Sangshad,Member of the Bangladeshi legislature,2014-01-05,,,,,,
Q55694329,Q42712773,Member of the 10th Jatiya Sangsad,"Member of the Bangladeshi parliament, 2014 onwards",2014,,,,,,
Q55694337,Q13058882,Member of the Jatiya Sangshad,Member of the Bangladeshi legislature,2014-01-05,,,,,,
Q55694337,Q42712773,Member of the 10th Jatiya Sangsad,"Member of the Bangladeshi parliament, 2014 onwards",2014,,,,,,
Q55694342,Q13058882,Member of the Jatiya Sangshad,Member of the Bangladeshi legislature,2014-01-05,,,,,,
Q55694342,Q42712773,Member of the 10th Jatiya Sangsad,"Member of the Bangladeshi parliament, 2014 onwards",2014,,,,,,
Q55694344,Q13058882,Member of the Jatiya Sangshad,Member of the Bangladeshi legislature,2014-01-05,,,,,,
Q55694344,Q42712773,Member of the 10th Jatiya Sangsad,"Member of the Bangladeshi parliament, 2014 onwards",2014-01-24,,,,,,
Q55694345,Q13058882,Member of the Jatiya Sangshad,Member of the Bangladeshi legislature,2014-01-05,,,,,,
Q55694345,Q42712773,Member of the 10th Jatiya Sangsad,"Member of the Bangladeshi parliament, 2014 onwards",2014-01-24,,,,,,
Q55694347,Q13058882,Member of the Jatiya Sangshad,Member of the Bangladeshi legislature,2014-01-05,,,,,,
Q55694347,Q42712773,Member of the 10th Jatiya Sangsad,"Member of the Bangladeshi parliament, 2014 onwards",2014-01-24,,,,,,
Q55694348,Q13058882,Member of the Jatiya Sangshad,Member of the Bangladeshi legislature,2014-01-05,,,,,,
Q55694348,Q42712773,Member of the 10th Jatiya Sangsad,"Member of the Bangladeshi parliament, 2014 onwards",2014-01-24,,,,,,
Q55694351,Q13058882,Member of the Jatiya Sangshad,Member of the Bangladeshi legislature,2014-01-05,,,,,,
Q55694351,Q42712773,Member of the 10th Jatiya Sangsad,"Member of the Bangladeshi parliament, 2014 onwards",2014-01-24,,,,,,
Q55694352,Q13058882,Member of the Jatiya Sangshad,Member of the Bangladeshi legislature,2014-01-05,,,,,,
Q55694352,Q42712773,Member of the 10th Jatiya Sangsad,"Member of the Bangladeshi parliament, 2014 onwards",2014-01-24,,,,,,
Q55694353,Q13058882,Member of the Jatiya Sangshad,Member of the Bangladeshi legislature,2014-01-05,,,,,,
Q55694353,Q42712773,Member of the 10th Jatiya Sangsad,"Member of the Bangladeshi parliament, 2014 onwards",2014-01-24,,,,,,
Q55694355,Q13058882,Member of the Jatiya Sangshad,Member of the Bangladeshi legislature,2014-01-05,,,,,,
Q55694355,Q42712773,Member of the 10th Jatiya Sangsad,"Member of the Bangladeshi parliament, 2014 onwards",2014-01-24,,,,,,
Q55694357,Q13058882,Member of the Jatiya Sangshad,Member of the Bangladeshi legislature,2014-01-05,,,,,,
Q55694357,Q42712773,Member of the 10th Jatiya Sangsad,"Member of the Bangladeshi parliament, 2014 onwards",2014-01-24,,,,,,
Q55694359,Q13058882,Member of the Jatiya Sangshad,Member of the Bangladeshi legislature,2014-01-05,,,,,,
Q55694359,Q42712773,Member of the 10th Jatiya Sangsad,"Member of the Bangladeshi parliament, 2014 onwards",2014-01-24,,,,,,
Q55694362,Q13058882,Member of the Jatiya Sangshad,Member of the Bangladeshi legislature,2014-01-05,,,,,,
Q55694362,Q42712773,Member of the 10th Jatiya Sangsad,"Member of the Bangladeshi parliament, 2014 onwards",2014-01-24,,,,,,
Q55694363,Q13058882,Member of the Jatiya Sangshad,Member of the Bangladeshi legislature,2014-01-05,,,,,,
Q55694363,Q42712773,Member of the 10th Jatiya Sangsad,"Member of the Bangladeshi parliament, 2014 onwards",2014-01-24,,,,,,
Q55694381,Q13058882,Member of the Jatiya Sangshad,Member of the Bangladeshi legislature,2014-01-05,,,,,,
Q55694381,Q42712773,Member of the 10th Jatiya Sangsad,"Member of the Bangladeshi parliament, 2014 onwards",2014-01-05,,,,,,
Q55694390,Q13058882,Member of the Jatiya Sangshad,Member of the Bangladeshi legislature,"",,,,,,
Q55694390,Q13058882,Member of the Jatiya Sangshad,Member of the Bangladeshi legislature,2014-01-05,,,,,,
Q55694390,Q42712773,Member of the 10th Jatiya Sangsad,"Member of the Bangladeshi parliament, 2014 onwards","",,,,,,
Q55694403,Q13058882,Member of the Jatiya Sangshad,Member of the Bangladeshi legislature,2014-01-05,,,,,,
Q55694403,Q42712773,Member of the 10th Jatiya Sangsad,"Member of the Bangladeshi parliament, 2014 onwards","",,,,,,
Q55694407,Q13058882,Member of the Jatiya Sangshad,Member of the Bangladeshi legislature,2014-01-05,,,,,,
Q55694407,Q42712773,Member of the 10th Jatiya Sangsad,"Member of the Bangladeshi parliament, 2014 onwards","",,,,,,
Q55694693,Q13058882,Member of the Jatiya Sangshad,Member of the Bangladeshi legislature,2014-01-05,,,,,,
Q55694693,Q42712773,Member of the 10th Jatiya Sangsad,"Member of the Bangladeshi parliament, 2014 onwards",2014-01-24,,,,,,
Q55694694,Q13058882,Member of the Jatiya Sangshad,Member of the Bangladeshi legislature,2014-01-05,,,,,,
Q55694694,Q42712773,Member of the 10th Jatiya Sangsad,"Member of the Bangladeshi parliament, 2014 onwards",2014-01-24,,,,,,
Q55694695,Q13058882,Member of the Jatiya Sangshad,Member of the Bangladeshi legislature,2014-01-05,,,,,,
Q55694695,Q42712773,Member of the 10th Jatiya Sangsad,"Member of the Bangladeshi parliament, 2014 onwards",2014-01-24,,,,,,
Q55694699,Q13058882,Member of the Jatiya Sangshad,Member of the Bangladeshi legislature,2014-01-05,,,,,,
Q55694699,Q42712773,Member of the 10th Jatiya Sangsad,"Member of the Bangladeshi parliament, 2014 onwards",2014-03-14,,,,,,
Q55694700,Q13058882,Member of the Jatiya Sangshad,Member of the Bangladeshi legislature,2014-01-05,,,,,,
Q55694700,Q42712773,Member of the 10th Jatiya Sangsad,"Member of the Bangladeshi parliament, 2014 onwards",2014-03-14,,,,,,
Q55694701,Q13058882,Member of the Jatiya Sangshad,Member of the Bangladeshi legislature,2014-01-05,,,,,,
Q55694701,Q42712773,Member of the 10th Jatiya Sangsad,"Member of the Bangladeshi parliament, 2014 onwards",2014,,,,,,
Q55694702,Q13058882,Member of the Jatiya Sangshad,Member of the Bangladeshi legislature,2014-01-05,,,,,,
Q55694702,Q42712773,Member of the 10th Jatiya Sangsad,"Member of the Bangladeshi parliament, 2014 onwards",2014,,,,,,
Q55694703,Q13058882,Member of the Jatiya Sangshad,Member of the Bangladeshi legislature,2014-01-05,,,,,,
Q55694703,Q42712773,Member of the 10th Jatiya Sangsad,"Member of the Bangladeshi parliament, 2014 onwards",2014,,,,,,
Q55694711,Q13058882,Member of the Jatiya Sangshad,Member of the Bangladeshi legislature,2014-01-05,,,,,,
Q55694711,Q42712773,Member of the 10th Jatiya Sangsad,"Member of the Bangladeshi parliament, 2014 onwards",2014-01-05,,,,,,
Q55694761,Q42712773,Member of the 10th Jatiya Sangsad,"Member of the Bangladeshi parliament, 2014 onwards",2017-04-16,10th Jatiyo Sangshad,Sunamganj-2,,Suranjit Sengupta,,
Q55774198,Q13058882,Member of the Jatiya Sangshad,Member of the Bangladeshi legislature,2014-01-05,,,,,,
Q55774198,Q42712773,Member of the 10th Jatiya Sangsad,"Member of the Bangladeshi parliament, 2014 onwards","",10th Jatiyo Sangshad,reserved seat for Women,,,,
Q55774198,Q42712773,Member of the 10th Jatiya Sangsad,"Member of the Bangladeshi parliament, 2014 onwards",2014-03-19,,,,,,
Q55939136,Q13058882,Member of the Jatiya Sangshad,Member of the Bangladeshi legislature,2014-01-05,,,,,,
Q55939136,Q42712773,Member of the 10th Jatiya Sangsad,"Member of the Bangladeshi parliament, 2014 onwards",2014-01-24,,,,,,
Q5644676,Q13058882,Member of the Jatiya Sangshad,Member of the Bangladeshi legislature,"",,,,,,
Q5644676,Q42712844,Member of the 9th Jatiya Sangsad,"Member of the Bangladeshi parliament, 2009-2014","",,,,,,
Q58264,Q13058882,Member of the Jatiya Sangshad,Member of the Bangladeshi legislature,"",,,,,,
Q58264,Q42712773,Member of the 10th Jatiya Sangsad,"Member of the Bangladeshi parliament, 2014 onwards","",10th Jatiyo Sangshad,,,,,
Q58264,Q42712844,Member of the 9th Jatiya Sangsad,"Member of the Bangladeshi parliament, 2009-2014","",,,,,,
Q6294470,Q13058882,Member of the Jatiya Sangshad,Member of the Bangladeshi legislature,"",,,,,,
Q6294470,Q42712844,Member of the 9th Jatiya Sangsad,"Member of the Bangladeshi parliament, 2009-2014","",,,,,,
Q6311615,Q13058882,Member of the Jatiya Sangshad,Member of the Bangladeshi legislature,2014-01-05,,,,,,
Q6311615,Q42712773,Member of the 10th Jatiya Sangsad,"Member of the Bangladeshi parliament, 2014 onwards",2014-01-05,10th Jatiyo Sangshad,,,,,
Q6311615,Q42712844,Member of the 9th Jatiya Sangsad,"Member of the Bangladeshi parliament, 2009-2014",2009,,,2014,,,
Q6400209,Q42712773,Member of the 10th Jatiya Sangsad,"Member of the Bangladeshi parliament, 2014 onwards",2014-01-05,10th Jatiyo Sangshad,Faridpur-3,,,,
Q6400209,Q42712844,Member of the 9th Jatiya Sangsad,"Member of the Bangladeshi parliament, 2009-2014",2008-01-25,,Faridpur-3,2014-01-05,,,
Q6787396,Q13058882,Member of the Jatiya Sangshad,Member of the Bangladeshi legislature,2009,,,,,,
Q6787396,Q42712773,Member of the 10th Jatiya Sangsad,"Member of the Bangladeshi parliament, 2014 onwards",2014-01-05,10th Jatiyo Sangshad,,,,,
Q6787396,Q42712844,Member of the 9th Jatiya Sangsad,"Member of the Bangladeshi parliament, 2009-2014",2009,,,,,,
Q6893246,Q13058882,Member of the Jatiya Sangshad,Member of the Bangladeshi legislature,2014,,,,,,
Q6893246,Q42712773,Member of the 10th Jatiya Sangsad,"Member of the Bangladeshi parliament, 2014 onwards",2014-01-05,10th Jatiyo Sangshad,,,,,
Q6943274,Q13058882,Member of the Jatiya Sangshad,Member of the Bangladeshi legislature,"",,,,,,
Q6943274,Q42712773,Member of the 10th Jatiya Sangsad,"Member of the Bangladeshi parliament, 2014 onwards","",10th Jatiyo Sangshad,,,,,
Q6943274,Q42712844,Member of the 9th Jatiya Sangsad,"Member of the Bangladeshi parliament, 2009-2014","",,,,,,
Q6959685,Q13058882,Member of the Jatiya Sangshad,Member of the Bangladeshi legislature,2014-01-05,,,,,,
Q6959685,Q42712773,Member of the 10th Jatiya Sangsad,"Member of the Bangladeshi parliament, 2014 onwards","",10th Jatiyo Sangshad,,,,,
Q7294828,Q13058882,Member of the Jatiya Sangshad,Member of the Bangladeshi legislature,"",,,,,,
Q7294828,Q42712773,Member of the 10th Jatiya Sangsad,"Member of the Bangladeshi parliament, 2014 onwards","",10th Jatiyo Sangshad,,,,,
Q7294828,Q42712844,Member of the 9th Jatiya Sangsad,"Member of the Bangladeshi parliament, 2009-2014","",,,,,,
Q7396043,Q13058882,Member of the Jatiya Sangshad,Member of the Bangladeshi legislature,"",,,,,,
Q7396043,Q42712773,Member of the 10th Jatiya Sangsad,"Member of the Bangladeshi parliament, 2014 onwards","",10th Jatiyo Sangshad,,,,,
Q7396043,Q42712844,Member of the 9th Jatiya Sangsad,"Member of the Bangladeshi parliament, 2009-2014","",,,,,,
Q7399497,Q13058882,Member of the Jatiya Sangshad,Member of the Bangladeshi legislature,"",,,,,,
Q7399497,Q42712773,Member of the 10th Jatiya Sangsad,"Member of the Bangladeshi parliament, 2014 onwards","",10th Jatiyo Sangshad,,,,,
Q7399497,Q42712844,Member of the 9th Jatiya Sangsad,"Member of the Bangladeshi parliament, 2009-2014","",,,,,,
Q7403479,Q13058882,Member of the Jatiya Sangshad,Member of the Bangladeshi legislature,"",,,,,,
Q7403479,Q42712844,Member of the 9th Jatiya Sangsad,"Member of the Bangladeshi parliament, 2009-2014","",,,,,,
Q7429149,Q13058882,Member of the Jatiya Sangshad,Member of the Bangladeshi legislature,"",,,,,,
Q7429149,Q42712773,Member of the 10th Jatiya Sangsad,"Member of the Bangladeshi parliament, 2014 onwards","",10th Jatiyo Sangshad,,,,,
Q7429149,Q42712844,Member of the 9th Jatiya Sangsad,"Member of the Bangladeshi parliament, 2009-2014","",,,,,,
Q753783,Q13058882,Member of the Jatiya Sangshad,Member of the Bangladeshi legislature,"",,,,,,
Q753783,Q42712844,Member of the 9th Jatiya Sangsad,"Member of the Bangladeshi parliament, 2009-2014","",,,,,,
Q7812953,Q13058882,Member of the Jatiya Sangshad,Member of the Bangladeshi legislature,2009,,,,,,
Q7812953,Q42712773,Member of the 10th Jatiya Sangsad,"Member of the Bangladeshi parliament, 2014 onwards",2014-01-05,10th Jatiyo Sangshad,Bhola-1,,,,
Q7812953,Q42712844,Member of the 9th Jatiya Sangsad,"Member of the Bangladeshi parliament, 2009-2014",2009,,,2014,,,
Q7812953,Q83307,minister,politician who holds significant public office in a national or regional government,2014-01-12,,,,,,
